<favourites>
	<favourite name="Watch Live" thumb="DefaultFolder.png">ActivateWindow(10025,&quot;plugin://plugin.video.iplayerwww/?description&amp;iconimage=DefaultFolder.png&amp;logged_in=False&amp;mode=101&amp;name=Watch%20Live&amp;subtitles_url&amp;url=url&quot;,return)</favourite>
	<favourite name="Search" thumb="DefaultFolder.png">ActivateWindow(10025,&quot;plugin://plugin.video.iplayerwww/?description&amp;iconimage=DefaultFolder.png&amp;logged_in=False&amp;mode=104&amp;name=Search&amp;subtitles_url&amp;url=url&quot;,return)</favourite>
	<favourite name="Most Popular" thumb="DefaultFolder.png">ActivateWindow(10025,&quot;plugin://plugin.video.iplayerwww/?description&amp;iconimage=DefaultFolder.png&amp;logged_in=False&amp;mode=105&amp;name=Most%20Popular&amp;subtitles_url&amp;url=url&quot;,return)</favourite>
	<favourite name="Red Button" thumb="DefaultFolder.png">ActivateWindow(10025,&quot;plugin://plugin.video.iplayerwww/?description&amp;iconimage=DefaultFolder.png&amp;logged_in=False&amp;mode=118&amp;name=Red%20Button&amp;subtitles_url&amp;url=url&quot;,return)</favourite>
</favourites>