<favourites>
	<favourite name="BBC One" thumb="special://home/addons\plugin.video.iplayerwww\media\bbc_one.png">PlayMedia(&quot;plugin://plugin.video.iplayerwww/?url=bbc_one_hd&amp;mode=203&amp;name=BBC+One&amp;iconimage=C%3A%5CKodi16.1%5Cportable_data%5Caddons%5Cplugin.video.iplayerwww%5Cmedia%5Cbbc_one.png&amp;description=&amp;subtitles_url=&amp;logged_in=False&amp;sf_options=winID%3D10025%26_options_sf&quot;)</favourite>
	<favourite name="BBC Two" thumb="special://home/addons\plugin.video.iplayerwww\media\bbc_two.png">PlayMedia(&quot;plugin://plugin.video.iplayerwww/?url=bbc_two_hd&amp;mode=203&amp;name=BBC+Two&amp;iconimage=C%3A%5CKodi16.1%5Cportable_data%5Caddons%5Cplugin.video.iplayerwww%5Cmedia%5Cbbc_two.png&amp;description=&amp;subtitles_url=&amp;logged_in=False&amp;sf_options=winID%3D10025%26_options_sf&quot;)</favourite>
	<favourite name="BBC Four" thumb="special://home/addons\plugin.video.iplayerwww\media\bbc_four.png">PlayMedia(&quot;plugin://plugin.video.iplayerwww/?url=bbc_four_hd&amp;mode=203&amp;name=BBC+Four&amp;iconimage=C%3A%5CKodi16.1%5Cportable_data%5Caddons%5Cplugin.video.iplayerwww%5Cmedia%5Cbbc_four.png&amp;description=&amp;subtitles_url=&amp;logged_in=False&amp;sf_options=winID%3D10025%26_options_sf&quot;)</favourite>
	<favourite name="CBBC" thumb="special://home/addons\plugin.video.iplayerwww\media\cbbc.png">PlayMedia(&quot;plugin://plugin.video.iplayerwww/?url=cbbc_hd&amp;mode=203&amp;name=CBBC&amp;iconimage=C%3A%5CKodi16.1%5Cportable_data%5Caddons%5Cplugin.video.iplayerwww%5Cmedia%5Ccbbc.png&amp;description=&amp;subtitles_url=&amp;logged_in=False&amp;sf_options=winID%3D10025%26_options_sf&quot;)</favourite>
	<favourite name="CBeebies" thumb="special://home/addons\plugin.video.iplayerwww\media\cbeebies.png">PlayMedia(&quot;plugin://plugin.video.iplayerwww/?url=cbeebies_hd&amp;mode=203&amp;name=CBeebies&amp;iconimage=C%3A%5CKodi16.1%5Cportable_data%5Caddons%5Cplugin.video.iplayerwww%5Cmedia%5Ccbeebies.png&amp;description=&amp;subtitles_url=&amp;logged_in=False&amp;sf_options=winID%3D10025%26_options_sf&quot;)</favourite>
	<favourite name="BBC News Channel" thumb="special://home/addons\plugin.video.iplayerwww\media\bbc_news24.png">PlayMedia(&quot;plugin://plugin.video.iplayerwww/?url=bbc_news24&amp;mode=203&amp;name=BBC+News+Channel&amp;iconimage=C%3A%5CKodi16.1%5Cportable_data%5Caddons%5Cplugin.video.iplayerwww%5Cmedia%5Cbbc_news24.png&amp;description=&amp;subtitles_url=&amp;logged_in=False&amp;sf_options=winID%3D10025%26_options_sf&quot;)</favourite>
	<favourite name="BBC One - [I][COLOR ffffff00]1.8 Mbps[/COLOR] [COLOR fff1f1f1]Akamai[/COLOR][/I]" thumb="special://home/addons\plugin.video.iplayerwww\media\bbc_one.png">PlayMedia(&quot;plugin://plugin.video.iplayerwww/?url=http%3A%2F%2Fvs-hls-uk-live.edgesuite.net%2Fpool_30%2Flive%2Fbbc_one_hd%2Fbbc_one_hd.isml%2Fbbc_one_hd-pa4%253d128000-video%253d1604000.m3u8&amp;mode=201&amp;name=BBC+One+-+%5BI%5D%5BCOLOR+ffffff00%5D1.8+Mbps%5B%2FCOLOR%5D+%5BCOLOR+fff1f1f1%5DAkamai%5B%2FCOLOR%5D%5B%2FI%5D&amp;iconimage=C%3A%5CKodi16.1%5Cportable_data%5Caddons%5Cplugin.video.iplayerwww%5Cmedia%5Cbbc_one.png&amp;description=&amp;subtitles_url=&amp;logged_in=False&amp;sf_options=winID%3D10025%26_options_sf&quot;)</favourite>
	<favourite name="BBC Two - [I][COLOR ffffff00]1.8 Mbps[/COLOR] [COLOR fff1f1f1]Akamai[/COLOR][/I]" thumb="special://home/addons\plugin.video.iplayerwww\media\bbc_two.png">PlayMedia(&quot;plugin://plugin.video.iplayerwww/?url=http%3A%2F%2Fvs-hls-uk-live.edgesuite.net%2Fpool_31%2Flive%2Fbbc_two_hd%2Fbbc_two_hd.isml%2Fbbc_two_hd-pa4%253d128000-video%253d1604000.m3u8&amp;mode=201&amp;name=BBC+Two+-+%5BI%5D%5BCOLOR+ffffff00%5D1.8+Mbps%5B%2FCOLOR%5D+%5BCOLOR+fff1f1f1%5DAkamai%5B%2FCOLOR%5D%5B%2FI%5D&amp;iconimage=C%3A%5CKodi16.1%5Cportable_data%5Caddons%5Cplugin.video.iplayerwww%5Cmedia%5Cbbc_two.png&amp;description=&amp;subtitles_url=&amp;logged_in=False&amp;sf_options=winID%3D10025%26_options_sf&quot;)</favourite>
	<favourite name="Search" thumb="DefaultFolder.png">ActivateWindow(10025,&quot;plugin://plugin.video.iplayerwww/?description&amp;iconimage=DefaultFolder.png&amp;logged_in=False&amp;mode=104&amp;name=Search&amp;subtitles_url&amp;url=url&quot;,return)</favourite>
	<favourite name="Highlights" thumb="DefaultFolder.png">ActivateWindow(10025,&quot;plugin://plugin.video.iplayerwww/?description&amp;iconimage=DefaultFolder.png&amp;logged_in=False&amp;mode=106&amp;name=Highlights&amp;subtitles_url&amp;url=iplayer&quot;,return)</favourite>
	<favourite name="Documentaries" thumb="DefaultFolder.png">ActivateWindow(10025,&quot;plugin://plugin.video.iplayerwww/?description&amp;iconimage=DefaultFolder.png&amp;logged_in=False&amp;mode=125&amp;name=Documentaries&amp;subtitles_url&amp;url=documentaries&quot;,return)</favourite>
</favourites>